33.397613916988405,-111.96196600040403,0
33.50288213096268,-111.90514422308674,1
33.44719424479698,-111.93142204927643,2
33.524557202290474,-111.92471788723142,3
33.36962606948253,-111.91054378361538,4
33.414784227821514,-111.91885590977469,5
33.357270350181984,-111.89178710387193,6
33.495280854080434,-111.89998432459524,7
33.50616475675551,-111.91287875043979,8
33.49473467271544,-111.9306378782136,9
33.48729011012881,-111.93832881557697,10
33.465593221624694,-111.93050584101212,11
33.39069226333882,-111.95880166593268,12
33.40649626109612,-111.91377575356117,13
33.34232726853533,-111.94725294393439,14
33.33823667841576,-111.94001065098836,15
33.52911216849907,-111.92447115085916,16
33.36018162501285,-111.8833036607174,17
33.316540865360054,-111.90814570860016,18
33.460098112471506,-111.88081054902919,19
33.40294135433921,-111.94238308316194,20
33.350746252660436,-111.90081720239485,21
33.40892008688738,-111.93376986231753,22
33.333417812100365,-111.94966786849302,23
33.32925519359452,-111.92645994994498,24
33.47740750592058,-111.90993418750365,25
33.496148350393554,-111.91344241084627,26
33.43187634996122,-111.94393866492115,27
33.50546104584074,-111.90428040954819,28
33.40408282096533,-111.92577315239724,29
33.37065157175893,-111.92938155756846,30
33.35594129462528,-111.89406393143337,31
33.452446112896105,-111.93029605361511,32
33.46594071945278,-111.89395905128127,33
33.31987792526431,-111.89703651934303,34
33.321979259225756,-111.93350345861799,35
33.35281125848965,-111.92741021008253,36
33.478531992120736,-111.94530048445456,37
33.501950608610784,-111.93420863848175,38
33.308020134437996,-111.91066014468025,39
33.3765756503439,-111.94465901353846,40
33.515435195742,-111.90484961716312,41
33.34818540635205,-111.90436329729306,42
33.41374760376872,-111.95964366335521,43
33.426037281107334,-111.90233630896427,44
33.391097588862145,-111.9556289206458,45
33.45903260565145,-111.89529939967974,46
33.33050379830344,-111.92386704966846,47
33.43935575876066,-111.90726957980458,48
33.48351708525575,-111.94254282842655,49
-0.9145853713675327,-118.32870654704752,50
-0.8839189545245518,-118.31989689628318,51
-0.899704880994791,-118.3581764717679,52
-0.929574625334769,-118.38148693494895,53
-0.8599936759675993,-118.33208335754796,54
-0.9618318520610174,-118.34491662156287,55
-0.9043609790507945,-118.36433194867256,56
-0.8671122257164566,-118.3280133220654,57
-0.9522742829417623,-118.32100513433225,58
-0.9538808435741356,-118.32665343929693,59
-0.9302598269183596,-118.36157539712562,60
-0.9197206511441932,-118.30653009177693,61
-0.8568744847249727,-118.38111599798835,62
-0.8935298223804603,-118.32461409382645,63
-0.835650675970729,-118.33779858643034,64
-0.9101599174421612,-118.37771095543644,65
-0.8998818624588382,-118.38257254679064,66
-0.8867037088683983,-118.3723782495814,67
-0.8510436471127846,-118.33525492484031,68
-0.8471437966131724,-118.33188261596686,69
-0.7988190327089043,-118.33384979314297,70
-0.9592645242667036,-118.34935592141386,71
-0.9152138204115513,-118.37438404469636,72
-0.8609878776102353,-118.30220357802575,73
-0.9250345115713287,-118.34079837807086,74
-0.7996747681250174,-118.35746335962996,75
-0.9034944168982597,-118.34560047149378,76
-0.8226785762029564,-118.32542335869894,77
-0.9487003098898312,-118.34520200161465,78
-0.847634839896669,-118.31876078380512,79
-0.8314495046355647,-118.3440438389228,80
-0.8875865634094435,-118.34938640272826,81
-0.9469454201453493,-118.34741915145896,82
-0.8511419985415504,-118.37804616250565,83
-0.9167732881416494,-118.34637574822715,84
-0.8373055288377346,-118.34831008700372,85
-0.8794988421683592,-118.37200943672488,86
-0.8466932348064435,-118.33909388439874,87
-0.8241382355390905,-118.31907815487843,88
-0.8970131724802274,-118.3483089469056,89
-0.8212441131710009,-118.3646409266102,90
-0.9155875082739208,-118.38406367993274,91
-0.8748770787229424,-118.33619353226648,92
-0.8938659456540051,-118.32202009142803,93
-0.889577398877392,-118.36334529903048,94
-0.9209115001402652,-118.36666875464394,95
-0.8842520880197968,-118.36249831161143,96
-0.9566313507436582,-118.35291723464373,97
-0.8927625972859248,-118.3772537641424,98
-0.8360751390812994,-118.35191112027742,99
117.97132204286711,-126.21012797073199,100
117.95980200177918,-126.26176603330472,101
117.92854065388075,-126.25716971593148,102
117.93975100936221,-126.29161967658352,103
117.94905178467421,-126.20693585495152,104
117.99555958966508,-126.27269240541867,105
117.91050415330781,-126.27610644218082,106
117.99927004164101,-126.24740850492597,107
117.97426524849867,-126.23889724831518,108
117.9364882156722,-126.21503733134682,109
117.91524346863824,-126.24966484802368,110
117.91678668420904,-126.23201979882748,111
117.9945663056728,-126.27660144324994,112
117.93713818929069,-126.28515379458221,113
117.96163995958288,-126.26581151488607,114
117.98318934021937,-126.22878501156794,115
117.97839023437616,-126.23876329901965,116
117.96636466565332,-126.23286874820411,117
117.95586467531398,-126.254527536143,118
117.99778665008286,-126.26228691149541,119
117.97701018982816,-126.27694573563228,120
117.9594787191561,-126.24973455550085,121
117.973391384878,-126.2142531695015,122
117.96270957755004,-126.22865930023859,123
117.9850894130403,-126.26073847509008,124
117.92742406728469,-126.28400127256975,125
117.98254373705151,-126.23929214039073,126
117.9449588576174,-126.23787922281419,127
118.00079350495685,-126.25789121017189,128
117.9672657558201,-126.25433171991708,129
117.93480386513981,-126.26832020877319,130
117.9617351385519,-126.21480998559964,131
117.93986712019772,-126.2913355708964,132
117.98874601944135,-126.23488595502548,133
117.98827454798972,-126.27536937162046,134
117.99122668837252,-126.26920309510459,135
117.93509499700828,-126.21679336342689,136
117.94073524967175,-126.26757359836535,137
117.94966183176541,-126.27690216354962,138
117.92025184228886,-126.21796421112643,139
117.98309961866575,-126.26876365785954,140
117.97239859826833,-126.26686206869883,141
117.93801467966135,-126.27195675595617,142
117.9939433573404,-126.25247654833171,143
117.93019602382036,-126.28669666909101,144
117.90780285064304,-126.26280240885346,145
117.95941000118853,-126.22424745415731,146
117.97535232512907,-126.25218233541055,147
117.92076503385917,-126.21892191947644,148
117.98883207436828,-126.24073448696636,149
56.436822358450534,-115.24090159491132,150
56.511092446454604,-115.25005936311045,151
56.43827277301949,-115.24657014072883,152
56.447536637911774,-115.22289054374215,153
56.491557794624256,-115.24125334427647,154
56.498862243841444,-115.19876032838263,155
56.491249290704054,-115.23099314093275,156
56.413890547168165,-115.2251097271539,157
56.516438168264216,-115.21723054916308,158
56.50450646363071,-115.20878931579064,159
56.468877168354226,-115.22985807054472,160
56.390526633341686,-115.25191747057166,161
56.497810450634404,-115.23387741045347,162
56.44461313409229,-115.23664294206553,163
56.5375966007493,-115.2323252685163,164
56.495846682448246,-115.23060795492187,165
56.46383908820704,-115.23758233909035,166
56.47602073958654,-115.27323527166783,167
56.51927815441286,-115.25115619206395,168
56.42921895093324,-115.22493773152756,169
56.446659085149946,-115.262603814441,170
56.54063134185543,-115.24388545667695,171
56.42643980435436,-115.25910737693695,172
56.389859616133286,-115.23591392055961,173
56.494566599372796,-115.20083730068316,174
56.446687671743256,-115.21077900488835,175
56.52820839951612,-115.24416609903354,176
56.49486974034876,-115.20428653769216,177
56.43643351106726,-115.2557794017967,178
56.39916190617948,-115.2498736935653,179
56.534996514813166,-115.25320426501554,180
56.48548791860596,-115.2684632250978,181
56.47836331771657,-115.20842504969147,182
56.42289053863656,-115.22359187685548,183
56.48407575490637,-115.25868009969193,184
56.43578358074358,-115.20229247536163,185
56.402026696257046,-115.25831069268227,186
56.43232851703444,-115.20834442535003,187
56.402482605666215,-115.26517124266122,188
56.491858182658646,-115.26944924017964,189
56.411888309155984,-115.20757304984063,190
56.394986109762904,-115.25506485449951,191
56.48334555351322,-115.23893881289654,192
56.39865527941149,-115.2161760797337,193
56.52063239111842,-115.22821613133002,194
56.476605968451544,-115.23511198677625,195
56.41954543539023,-115.26500593687598,196
56.490252235833395,-115.2424921186656,197
56.46217854805697,-115.21902446014288,198
56.541710810318584,-115.24580885947334,199
79.26744507816443,-139.40261854904256,200
79.11342084180384,-139.41192947147283,201
79.19332363812849,-139.37820897931806,202
79.29399646169517,-139.39810261279158,203
79.16202344619494,-139.39016079695435,204
79.20372871776273,-139.39373658814705,205
79.17799522775374,-139.361203506714,206
79.1892975226049,-139.41263286219265,207
79.23800334056212,-139.36221241155252,208
79.11648808516368,-139.38931598553614,209
79.15028626142534,-139.41203554868738,210
79.27217148776342,-139.38728034463244,211
79.16400036988725,-139.42659932896944,212
79.16394862923462,-139.38371287486643,213
79.20598792858874,-139.41620215907798,214
79.17450121513542,-139.39937497634793,215
79.21934525668941,-139.4205612008413,216
79.23385665133905,-139.43816566120407,217
79.1038950632332,-139.38146115854224,218
79.19143953058028,-139.4035681301001,219
79.1790430175873,-139.41029478876624,220
79.30329517999469,-139.40517261192147,221
79.31101727421908,-139.38735653333248,222
79.25631850827081,-139.42850577537433,223
79.24542091078533,-139.41226479412302,224
79.1561430792756,-139.37763107318432,225
79.13835348610723,-139.37030097961983,226
79.21050948320246,-139.38388768587419,227
79.18002809140437,-139.40024761884837,228
79.19614899000027,-139.436737058887,229
79.27616757447994,-139.3947342483053,230
79.29194013796172,-139.40867630106365,231
79.28197302006679,-139.3754053573997,232
79.140508772142,-139.36326157542794,233
79.10864731743253,-139.38456351671317,234
79.24116867513415,-139.39607299585282,235
79.24860383637385,-139.37733828785926,236
79.12458293222544,-139.37893561989208,237
79.11506829046434,-139.40293334791707,238
79.14026819240532,-139.421930190224,239
79.26082113041603,-139.387309268838,240
79.21675217833804,-139.428820571091,241
79.21209545559503,-139.36995980690614,242
79.09790758414736,-139.41131841862887,243
79.2081661857194,-139.35705387779691,244
79.12947453367376,-139.41055892481668,245
79.16772519119878,-139.37218777886116,246
79.10497741578358,-139.41759059159327,247
79.14284643814253,-139.37137932740035,248
79.24587879804717,-139.37861492148863,249
65.19290597690207,-143.7540491878982,250
65.28293603315193,-143.73852948558732,251
65.26922350708676,-143.74554323950977,252
65.24253124193159,-143.7752131291166,253
65.19696990877732,-143.75907865923347,254
65.25945728073535,-143.77808538432842,255
65.28611542359563,-143.73576978066015,256
65.23466338541554,-143.72943423046183,257
65.22585245842836,-143.7732630481154,258
65.26890781048505,-143.70269750849107,259
65.27506165190084,-143.75455346403248,260
65.19879658414719,-143.74643829086938,261
65.2361062386916,-143.7478788223068,262
65.23406227880376,-143.71176452013825,263
65.23130231797415,-143.7375326126655,264
65.22287231016264,-143.70206091947318,265
65.2790500638745,-143.76085945612127,266
65.21173563204742,-143.76672732812253,267
65.26207149150852,-143.7809733804794,268
65.2985049934614,-143.737758512119,269
65.19141923803498,-143.76396712148485,270
65.26331653346666,-143.73517677310454,271
65.18322389891833,-143.7436130034433,272
65.25670799037344,-143.74399829406008,273
65.24550910413234,-143.75586748466677,274
65.19040765144203,-143.72861872872676,275
65.23173026163542,-143.7095593626606,276
65.22618818191572,-143.76979797444542,277
65.22264200732367,-143.75671706115796,278
65.27665952607576,-143.75142125955497,279
65.21003241654691,-143.71108178537523,280
65.24119530982931,-143.74842292055686,281
65.25365369628591,-143.72941177718855,282
65.29890449828838,-143.7242312775641,283
65.22974475124019,-143.77133876283457,284
65.23136311158954,-143.75366883172651,285
65.21816615258022,-143.71282452798425,286
65.20255536346872,-143.73006810733565,287
65.24775157414545,-143.69877637568834,288
65.29149240436055,-143.7277413490682,289
65.23597495787205,-143.73694369637985,290
65.20941176795935,-143.73662699990282,291
65.23828389479712,-143.74492410267044,292
65.23813483277328,-143.77148708277525,293
65.22031023734489,-143.77180969778018,294
65.2224480225854,-143.73399279505358,295
65.22126975678255,-143.77760907502793,296
65.21500381923809,-143.70283149763037,297
65.26421935543391,-143.77631766764378,298
65.20971204066932,-143.7296275501577,299
46.209600818923484,-126.53567570031957,300
46.18062083804562,-126.56433513614228,301
46.2308150902091,-126.58044210688894,302
46.19443555430175,-126.51366885747545,303
46.24651483312626,-126.5229409859431,304
46.196919026632614,-126.57244843094615,305
46.182881671427396,-126.57855326202157,306
46.258316514341594,-126.56318877703417,307
46.21928111388668,-126.55543706175733,308
46.2294039449751,-126.53784383296946,309
46.13532384134309,-126.5263798448468,310
46.21525430746514,-126.51082930504143,311
46.219846128780866,-126.54594476995607,312
46.23473439311901,-126.53188090625433,313
46.14926143736071,-126.57781667973393,314
46.20343561486102,-126.54931906199971,315
46.133092715321254,-126.56030605981985,316
46.24237355087894,-126.55017364546173,317
46.15201652128382,-126.5786677476719,318
46.15100397494946,-126.54329003900207,319
46.16956140881736,-126.52074272296933,320
46.21538200000344,-126.55529713239154,321
46.21636404571804,-126.56658279437593,322
46.175152712318045,-126.57030410433087,323
46.16493365478974,-126.52807894088858,324
46.20900598672079,-126.58162126611884,325
46.21108891257969,-126.52708029053875,326
46.1972032440351,-126.50208652490906,327
46.2323119270891,-126.58191260604136,328
46.18521002826035,-126.54066893577739,329
46.229735152566114,-126.56252022961421,330
46.22615039261195,-126.53003131419598,331
46.157387900498996,-126.56674745450528,332
46.225876561375664,-126.58209544717064,333
46.23421983090657,-126.56243649156498,334
46.19482978796749,-126.55951123144263,335
46.244517020195005,-126.55569021272196,336
46.17242695649191,-126.54770296790556,337
46.138792746170445,-126.55782173482838,338
46.22827443072075,-126.54012980641899,339
46.17688830968804,-126.58250571441414,340
46.20065750379141,-126.5627602156913,341
46.25688266192954,-126.5637283534784,342
46.141503783604975,-126.54778524700754,343
46.18055668128959,-126.58538479603432,344
46.155501561327156,-126.53731509495076,345
46.13602922267857,-126.55917071781231,346
46.197388772896865,-126.56665483061212,347
46.223049026711486,-126.57956281960202,348
46.25701474777885,-126.54991059007402,349
-53.34629326245526,-112.765739255721,350
-53.357222617159714,-112.71316283026907,351
-53.33849333981111,-112.77398854630508,352
-53.3235427178889,-112.70010326212692,353
-53.360070658953994,-112.76442059624809,354
-53.315907737792124,-112.74434213562989,355
-53.38577535945637,-112.737318078368,356
-53.359605081831646,-112.75582372800207,357
-53.371866033715285,-112.76867648102778,358
-53.36174311305516,-112.72993914871903,359
-53.36620836908734,-112.7142142582022,360
-53.31645846603326,-112.73418452745241,361
-53.305021245621845,-112.74306268017259,362
-53.35168589415888,-112.71934650030687,363
-53.34875541957401,-112.74418201876094,364
-53.37029820321832,-112.72807139545806,365
-53.359863546056154,-112.70018400674947,366
-53.355890789808306,-112.69957573250825,367
-53.33552899417881,-112.77459997715785,368
-53.35401423162162,-112.76795722558573,369
-53.355947999038634,-112.76904667715814,370
-53.36177791593127,-112.7095301743375,371
-53.34992596981812,-112.70033274415604,372
-53.30406785717606,-112.74182702716588,373
-53.34791064259498,-112.77194827120034,374
-53.332261292754204,-112.76297126561131,375
-53.30336954014368,-112.75332483123391,376
-53.3342789111895,-112.7459154647313,377
-53.35649543492876,-112.76488285761742,378
-53.37046042347765,-112.76738623583367,379
-53.31790398870662,-112.7039148603977,380
-53.303281485262346,-112.76025227001176,381
-53.36558616160997,-112.71607277219636,382
-53.33559061911761,-112.75994744918935,383
-53.34121932525567,-112.75550214950854,384
-53.34407938318729,-112.75303469829448,385
-53.35583976231236,-112.71058602165873,386
-53.31824013710141,-112.75534116957391,387
-53.336503908978436,-112.69947583911333,388
-53.35530061680932,-112.718828460459,389
-53.31901110093835,-112.76100601537962,390
-53.34534594898537,-112.75068652463247,391
-53.33986905924073,-112.72221750020931,392
-53.37542750254792,-112.71127692563847,393
-53.37643441272713,-112.71264441802415,394
-53.30075753104476,-112.76175675767311,395
-53.3825872323686,-112.75212029977405,396
-53.372371430112445,-112.71388524197103,397
-53.36655076632609,-112.73852660907731,398
-53.36907333233459,-112.72419029068966,399
-75.8476499128697,-122.55206910531533,400
-75.8713861554394,-122.56922851768863,401
-75.84742463409184,-122.52340281721618,402
-75.85996141000435,-122.50068616561776,403
-75.87817839605209,-122.54632822711149,404
-75.90740901466343,-122.55253041682093,405
-75.88249002637805,-122.53691642676687,406
-75.86346553427997,-122.56012122705752,407
-75.9095013876434,-122.52687815885427,408
-75.86706184164568,-122.52786185300096,409
-75.89559000501269,-122.55020044169923,410
-75.89928310550772,-122.5521851558332,411
-75.8633375091778,-122.5207379228788,412
-75.85125519445259,-122.51919097504621,413
-75.90378294007955,-122.50543515906217,414
-75.84506970427569,-122.5490669565242,415
-75.85851999716171,-122.51751993034465,416
-75.89230120924017,-122.55044310068592,417
-75.92377628568964,-122.52465182411757,418
-75.89498168038514,-122.51493486491972,419
-75.88789105462713,-122.51670966742574,420
-75.86768606195967,-122.54184456147266,421
-75.86730364344172,-122.53026080563782,422
-75.84074612515569,-122.51709285281729,423
-75.9215617368939,-122.54570622939632,424
-75.91154753583064,-122.51496399867415,425
-75.92194749159205,-122.54846540824627,426
-75.88339159946507,-122.52642798730317,427
-75.88638015530692,-122.4971577400978,428
-75.87723658260951,-122.56959397694104,429
-75.8611352181811,-122.56230838628208,430
-75.88426285994619,-122.50095614482527,431
-75.88996624295848,-122.54204445534735,432
-75.8405938089062,-122.55160354573668,433
-75.87087946591122,-122.50713613933837,434
-75.8698159246786,-122.51655258237803,435
-75.87657612970169,-122.55396790034332,436
-75.89756803031112,-122.56096630569661,437
-75.89137749096908,-122.51340576310659,438
-75.85756019670612,-122.50876092703332,439
-75.84635913034352,-122.51779612330776,440
-75.91977607715359,-122.55196974924135,441
-75.91089744949545,-122.51135031715911,442
-75.89671249357528,-122.49747641144589,443
-75.84573097891904,-122.50991885982019,444
-75.86266347271297,-122.50348380475741,445
-75.84808473694753,-122.56660949475251,446
-75.89737598742249,-122.57206214738127,447
-75.88823604464528,-122.50132764404584,448
-75.9033042649453,-122.57174734363343,449
20.328546541789493,-150.7951357010725,450
20.34619893878642,-150.82326779446615,451
20.386081023944524,-150.78124808937963,452
20.340313436099976,-150.79875643244856,453
20.362864275150358,-150.8172958495593,454
20.4112927536791,-150.80989912178498,455
20.351408311005994,-150.79608891885394,456
20.400387763999053,-150.80876571802955,457
20.399970681495404,-150.83349023982245,458
20.34202960262678,-150.8431929173665,459
20.35349808939354,-150.79115528181134,460
20.363915774015442,-150.7903681239604,461
20.365593882400347,-150.83873042120817,462
20.406237147888227,-150.80260954954312,463
20.34175210516065,-150.7911825454262,464
20.396604889635473,-150.8055165989454,465
20.384530347107177,-150.792889651109,466
20.375309894776652,-150.8378653446077,467
20.334829530115133,-150.8277005849873,468
20.380879298147313,-150.82827009051337,469
20.32443436168749,-150.82583214300305,470
20.403445869767,-150.80007996248412,471
20.339817576216465,-150.79158850241953,472
20.392840524692314,-150.8268228430225,473
20.38544796888261,-150.80783044506876,474
20.370621580051605,-150.78049944319605,475
20.40981825285491,-150.80762035302138,476
20.375862333942802,-150.77020251459317,477
20.371269232381607,-150.8266097477678,478
20.365542575898953,-150.78423252232076,479
20.365202659564112,-150.85171988607598,480
20.362547963419498,-150.8442238828542,481
20.395142917735814,-150.78628745410052,482
20.39588167485377,-150.83125363823706,483
20.3734253707981,-150.7919940258606,484
20.36318996662593,-150.847489183224,485
20.35668119776581,-150.8009071520968,486
20.365629075931984,-150.84338039730696,487
20.382928137272962,-150.81336299506629,488
20.384133273669736,-150.7959854783939,489
20.38645173434577,-150.848076565963,490
20.346318539546854,-150.83225526943593,491
20.34977603530482,-150.80372079150635,492
20.346782390435433,-150.8254346904762,493
20.396659297550848,-150.80241266428538,494
20.34844124908395,-150.81063619535777,495
20.33616820750364,-150.7797402828852,496
20.356750331792604,-150.80036968938805,497
20.366131835652173,-150.84163896938028,498
20.386641687167767,-150.8450162157875,499
-68.11477544738905,-110.54758481829882,500
-68.05447455621308,-110.58483919480726,501
-68.12994461341619,-110.56528309037597,502
-68.13488391240378,-110.58930285150348,503
-68.09483402226164,-110.58166052115094,504
-68.0936121583204,-110.600404023687,505
-68.09310752833278,-110.57786048649825,506
-68.13264326330761,-110.60576212883812,507
-68.11216930808929,-110.61111661512265,508
-68.13028821573154,-110.60187600712062,509
-68.14759703297607,-110.60617400676762,510
-68.10605462841303,-110.54232682301996,511
-68.08444265737138,-110.62581461661735,512
-68.08660941813109,-110.62355894067342,513
-68.06871124500077,-110.56567803569193,514
-68.07146067807464,-110.61414530865135,515
-68.09630253035888,-110.54326301482892,516
-68.08784533429004,-110.54921191817678,517
-68.05104177590644,-110.5768508607125,518
-68.0697608954128,-110.56312312614402,519
-68.07659434627966,-110.6129378332952,520
-68.10004090716066,-110.54256453545817,521
-68.08840774024068,-110.57041469393161,522
-68.06388916257342,-110.5990738072272,523
-68.11580153220075,-110.55741774810798,524
-68.12611006841944,-110.59982805097329,525
-68.1347384737113,-110.59547989069878,526
-68.10561078182116,-110.55992373474514,527
-68.11987449805201,-110.62746201519204,528
-68.08233039042558,-110.61834602599,529
-68.10856001504501,-110.58981032150055,530
-68.1045311109863,-110.54986768238686,531
-68.11505877493313,-110.59473744787765,532
-68.11290022434856,-110.60009722469482,533
-68.09194495350312,-110.55586795273314,534
-68.10625910121287,-110.6005552412033,535
-68.11060831027928,-110.57201977821325,536
-68.06311326852324,-110.58087257629421,537
-68.04837622029436,-110.57291861734832,538
-68.09907301313548,-110.61291788657631,539
-68.13543871527501,-110.59393549443914,540
-68.15171014726394,-110.59944299534968,541
-68.11521074270094,-110.57793381564576,542
-68.04800111957255,-110.57686571896532,543
-68.07578788510412,-110.58350982870968,544
-68.10101299937767,-110.60001532962639,545
-68.10702160608807,-110.60515726093216,546
-68.0692724522927,-110.62059514345798,547
-68.08757457705745,-110.55810062552668,548
-68.09010956966922,-110.5702275562985,549
70.23830025308463,-111.21767294276268,550
70.44997416187533,-111.18310700103751,551
70.42626419119885,-111.1974427880005,552
70.25974991146364,-111.20137580004054,553
70.43703006016825,-111.18428634768941,554
70.33214901860747,-111.18402321996149,555
70.44681075568177,-111.21926928361466,556
70.45992663602868,-111.2034220753223,557
70.2180184160938,-111.19574556973474,558
70.33810742797499,-111.202551910339,559
70.40186406539094,-111.17438899894742,560
70.32961746298103,-111.20267484858567,561
70.42395622236369,-111.20840535814229,562
70.38268203802748,-111.2142719255848,563
70.40189992314292,-111.21655891164161,564
70.2984591889791,-111.18768481144974,565
70.37401223302417,-111.17050179233082,566
70.35523895202333,-111.2206063178849,567
70.30759187458506,-111.16850699021127,568
70.28170139823517,-111.23829435175006,569
70.35298834765938,-111.22141234111946,570
70.25927274510916,-111.17556293104914,571
70.32657657041887,-111.17600267958146,572
70.2922037579305,-111.19950280019579,573
70.39884764576142,-111.20901013257658,574
70.35919708591165,-111.1971551994645,575
70.21198683471276,-111.18906656816114,576
70.44130371273035,-111.18676199252509,577
70.38282635458461,-111.15639843120852,578
70.29106056366896,-111.216574383401,579
70.25534851064809,-111.1594525577671,580
70.21582303715294,-111.21276234570597,581
70.23198234002655,-111.2046030590906,582
70.23222676916717,-111.17710871021265,583
70.39470831332002,-111.17743678935926,584
70.40779933839434,-111.23160817048634,585
70.36881784527658,-111.17355778375205,586
70.28834774703073,-111.23774552895007,587
70.37347201703514,-111.20393382925016,588
70.26852038296366,-111.16274592816451,589
70.30112051754955,-111.17064413529272,590
70.3516936726688,-111.19378391475317,591
70.21807219561597,-111.2168898562732,592
70.31970713793336,-111.18957929185812,593
70.3397105852225,-111.1535312624737,594
70.32160919248295,-111.21692799639919,595
70.42920043197554,-111.22105549248236,596
70.4003967517189,-111.21750064903935,597
70.41029114586767,-111.19421367777588,598
70.28268632519631,-111.21757162453457,599
113.17153736418923,-82.12253124214446,600
113.18442000004434,-82.11991700502337,601
113.1333160203323,-82.1301217697006,602
113.19025143847522,-82.16555950722186,603
113.14749161537648,-82.11376372245822,604
113.20806818351535,-82.12084302738461,605
113.17513577388983,-82.12124983358827,606
113.20158281572688,-82.15053386495315,607
113.21339427158114,-82.1384749521495,608
113.14383179778888,-82.14607088990475,609
113.16146403612206,-82.14188731660002,610
113.18156146827761,-82.12637281801312,611
113.17699265774546,-82.12131087645339,612
113.18145198291859,-82.10004424613022,613
113.17374615851278,-82.167346914942,614
113.13038159683553,-82.11693297403713,615
113.15750002583671,-82.16037831506561,616
113.19487778239491,-82.17236789044149,617
113.14368333834128,-82.15813449245576,618
113.15346419860795,-82.1234471699047,619
113.18417153020653,-82.11099647776777,620
113.1645148649053,-82.14840368773613,621
113.17160975309362,-82.11958379618297,622
113.12948097859649,-82.14084809722816,623
113.18150943056051,-82.12018939149414,624
113.16506250261284,-82.10326093555445,625
113.1218760843342,-82.14312009389975,626
113.18656683514664,-82.1728312523104,627
113.19032849000367,-82.16407231448198,628
113.19216643485025,-82.11107524028863,629
113.18435041883312,-82.1509051495121,630
113.20574851170517,-82.13055338391196,631
113.14486934058444,-82.14930583660978,632
113.18238401429565,-82.14441535842674,633
113.19677020903977,-82.1425108173112,634
113.19184606693743,-82.12683913378594,635
113.18609438213336,-82.15643352606165,636
113.21370474510506,-82.1262166633885,637
113.14591834787507,-82.11775199010773,638
113.20926518685094,-82.12677922717295,639
113.15265062894863,-82.15522344470435,640
113.1524039078215,-82.1063791584332,641
113.19771201102665,-82.17274043020477,642
113.21434104178115,-82.14281451154959,643
113.15658205019892,-82.11546257096789,644
113.14234703447305,-82.1618894946049,645
113.16322478041394,-82.12581551320369,646
113.21279082117611,-82.13759689837258,647
113.14806437762167,-82.11528713687505,648
113.14602433372806,-82.14872047756526,649
72.77329618570066,-77.49310487315495,650
72.79417914922028,-77.5147646573266,651
72.71702069306795,-77.48657089806672,652
72.80995783238245,-77.52081111723393,653
72.84071436762022,-77.53890999775192,654
72.78759212188693,-77.4968199280326,655
72.79914822778427,-77.52648413297669,656
72.71277186609089,-77.4974119042944,657
72.71658918697919,-77.48818043062455,658
72.8071775251277,-77.49334257841357,659
72.74875885400974,-77.49923505168589,660
72.7563186976723,-77.52556854023928,661
72.81555971702717,-77.55566281748992,662
72.83426968012937,-77.54086186922781,663
72.80235645905121,-77.55237979320408,664
72.7271296239184,-77.5548509426292,665
72.8344324068653,-77.53147117605654,666
72.7911652002777,-77.52296555176119,667
72.69564615492081,-77.51428577725868,668
72.72560754637121,-77.50337474358436,669
72.83386960337562,-77.51482962365392,670
72.80279982453023,-77.48228051412592,671
72.75450830093322,-77.47571959162822,672
72.69374121649957,-77.50027775207121,673
72.81938046738861,-77.50519177730392,674
72.78471435381049,-77.49463763197197,675
72.70809176874455,-77.50366721938046,676
72.71358458614448,-77.51502115752338,677
72.73918347783908,-77.52193819487131,678
72.7624927539741,-77.54724574144734,679
72.77211338645787,-77.5543061935116,680
72.81414984388671,-77.48657536020401,681
72.81261899758249,-77.50193244771856,682
72.68429982527886,-77.51366750448662,683
72.73419609664802,-77.4796623916574,684
72.8015381515529,-77.5133023307701,685
72.71715006532007,-77.48462690367526,686
72.82307676388882,-77.49657518234713,687
72.71981248081214,-77.5316361266652,688
72.84754562014722,-77.51876506639871,689
72.72787578410593,-77.4953897545567,690
72.78712410420938,-77.49461012567895,691
72.69535014952503,-77.52771795223464,692
72.83076046982964,-77.53485771590987,693
72.77206957247739,-77.48876641442477,694
72.75554167029509,-77.52118592219928,695
72.78587508092804,-77.51700163288332,696
72.71519793434577,-77.48338587324832,697
72.7091242427711,-77.51346069322136,698
72.8251277288763,-77.5440594184529,699
53.591672758362805,-77.33018043225437,700
53.440205132156386,-77.37229145132338,701
53.630788415181875,-77.34436790138118,702
53.62437787395721,-77.37395108358304,703
53.5906192705472,-77.35053455153076,704
53.63035188878766,-77.35557996650465,705
53.508746974354224,-77.38746795744537,706
53.57387673848581,-77.37233224275224,707
53.52580412169857,-77.35695868929777,708
53.52422965979269,-77.34611002872117,709
53.48433062230543,-77.32047558577676,710
53.52491099645009,-77.32852860252659,711
53.42890311684104,-77.33353412332642,712
53.470871502215566,-77.33325035976078,713
53.57782045639288,-77.36261787186753,714
53.53470212419864,-77.39339876204197,715
53.504358002212214,-77.31419767121146,716
53.54879495335923,-77.37584844649653,717
53.49199502313473,-77.38676265069131,718
53.41545807439093,-77.34135022766154,719
53.55492147556624,-77.36779900607571,720
53.505530147498895,-77.39684513235373,721
53.565567862827315,-77.31777932640516,722
53.60244345133786,-77.34063597473641,723
53.532927098393024,-77.36527618845702,724
53.5455574900706,-77.35096621627744,725
53.51010887328981,-77.39791290648479,726
53.5803744376968,-77.32159837153749,727
53.52459003076551,-77.33236209340112,728
53.549202044083266,-77.37861113913861,729
53.54565068522465,-77.31742408154867,730
53.41306272975116,-77.34118049235306,731
53.49105365176502,-77.37926110793718,732
53.445008125475404,-77.34195966027552,733
53.47563055874746,-77.38663452298601,734
53.52216191967378,-77.31164506475557,735
53.54716479497717,-77.33911871240406,736
53.54266367149256,-77.36654941255165,737
53.52420612629688,-77.39730398967777,738
53.491623422141664,-77.34964036514671,739
53.53383362428183,-77.34585123208726,740
53.608706540156135,-77.34639553389574,741
53.56288292340755,-77.31517782523487,742
53.53406955405834,-77.39152772593665,743
53.556824414284435,-77.37936200134916,744
53.54220184871348,-77.38469026466873,745
53.47855136385387,-77.37229729769763,746
53.53655547410517,-77.39919616223547,747
53.40531982631904,-77.35581307512075,748
53.46757857244349,-77.36997019897889,749
89.87143733332346,-132.63642419330043,750
89.84697775589787,-132.66913965720585,751
89.86782850536359,-132.6305148548812,752
89.88066944405568,-132.6360182692378,753
89.90750073174365,-132.660517659187,754
89.82351835652501,-132.62725718586842,755
89.83646661150942,-132.6205726724034,756
89.88629727339546,-132.64367914860705,757
89.8554047896991,-132.62256344754076,758
89.8196650864259,-132.68966516086408,759
89.84028155240185,-132.6917685709636,760
89.85953203615385,-132.6519324228851,761
89.82797129193918,-132.6459406144858,762
89.79981845583119,-132.6448875708869,763
89.8597893988079,-132.6442370920797,764
89.81397828801259,-132.6798170128271,765
89.82640654626162,-132.6624495231613,766
89.81930714810018,-132.6318027884298,767
89.83182560084909,-132.6241794547069,768
89.8951737826663,-132.67730198469997,769
89.8152998785237,-132.64800419017448,770
89.89482979320105,-132.66060834269408,771
89.8636619196276,-132.65990019621128,772
89.84492263050667,-132.63411546421344,773
89.8800243528261,-132.7011006104278,774
89.86278832844778,-132.63227144617173,775
89.86460559826845,-132.64674461141155,776
89.84172738994728,-132.62753953608456,777
89.88601754106642,-132.65850448882782,778
89.84316846053682,-132.70150690866708,779
89.82133979964983,-132.64079300959582,780
89.86010858202405,-132.61893144497628,781
89.87658383974575,-132.66456486244715,782
89.8580517606445,-132.68192729325372,783
89.79195189754834,-132.6558979098478,784
89.87752716885831,-132.634781949082,785
89.85854858155669,-132.68578420454602,786
89.80260607288187,-132.6529457598498,787
89.84412365805615,-132.65753218726474,788
89.87731286528098,-132.62861428027597,789
89.82957084197363,-132.68241743953138,790
89.83780780681685,-132.69791693222507,791
89.85336134616585,-132.65467878361747,792
89.87596291599868,-132.6261546114925,793
89.86710060776088,-132.66806488663408,794
89.90416655691277,-132.66804569033147,795
89.8933094802733,-132.6782738018792,796
89.90745429353878,-132.67483389661464,797
89.86340704911053,-132.6478731699771,798
89.81931372457963,-132.66228703904625,799
-18.293499052923995,-80.46618997324018,800
-18.361458559925467,-80.5217213117925,801
-18.248820584078985,-80.50046499785434,802
-18.276099277618908,-80.50596875704508,803
-18.392304094782602,-80.49789406408213,804
-18.35402843865634,-80.49146216855925,805
-18.285226444378118,-80.5015136916316,806
-18.33302998035541,-80.46843241012385,807
-18.254327204308325,-80.48620343789204,808
-18.316832611286692,-80.46701472567722,809
-18.315871129739268,-80.50722643794555,810
-18.27574904537494,-80.47935663564316,811
-18.22236729637457,-80.48514327535334,812
-18.243347348204153,-80.53020482445945,813
-18.16996863353936,-80.50087536112386,814
-18.27836259409939,-80.49556053246896,815
-18.29839910408515,-80.5108673463069,816
-18.33883338465281,-80.46782235404966,817
-18.37095907597013,-80.48593712544975,818
-18.27324763342996,-80.45499771970688,819
-18.276063219322797,-80.52467243452739,820
-18.292200225710044,-80.491111393521,821
-18.19834885818515,-80.48264030380938,822
-18.276067240696204,-80.46715115417886,823
-18.326990975095732,-80.5274924524963,824
-18.268070938650272,-80.50310682080888,825
-18.291955622559655,-80.53500492576738,826
-18.277726307619435,-80.48016676026027,827
-18.18950750142666,-80.48955983677435,828
-18.363436007754995,-80.47773139731841,829
-18.185230779627307,-80.48907621689993,830
-18.23903848316362,-80.4971155942845,831
-18.32477768422258,-80.46963589009566,832
-18.387101741466655,-80.50263346076883,833
-18.17663503958088,-80.51252728952717,834
-18.15999101360944,-80.49305055576703,835
-18.293622383583273,-80.47855688411039,836
-18.370439500733802,-80.4969555488075,837
-18.21402812046247,-80.46527947277835,838
-18.3183676853362,-80.47182447062139,839
-18.331409617193575,-80.51713926040347,840
-18.28241071170869,-80.53072787341435,841
-18.37792455479926,-80.4974046560641,842
-18.221445659541757,-80.4843538853344,843
-18.261103195365312,-80.47944018362226,844
-18.208624002282704,-80.50234782961783,845
-18.35701842562075,-80.48859474580063,846
-18.20632595252964,-80.48877576678494,847
-18.175761122315272,-80.47806166935253,848
-18.21175215694885,-80.51446229641725,849
-58.69814775225636,-101.84086350520384,850
-58.762880134763726,-101.81879599350015,851
-58.53678581650907,-101.84819874880309,852
-58.64133700960526,-101.82509488476028,853
-58.66898097911752,-101.87026744258395,854
-58.45871998664191,-101.85998185627703,855
-58.70867202928625,-101.87629934087896,856
-58.577150106137914,-101.81654701691126,857
-58.53078215139481,-101.87421818041294,858
-58.658745270923625,-101.88267813728777,859
-58.50574560699291,-101.82668483008385,860
-58.454194707285765,-101.8442795437172,861
-58.712588071049474,-101.82251308200117,862
-58.71472734116685,-101.86381733773972,863
-58.60230311292824,-101.8170196744632,864
-58.52912923324194,-101.83782844718878,865
-58.628140896529814,-101.81409211425417,866
-58.7167652178658,-101.82287759154792,867
-58.65358779804578,-101.85313937500082,868
-58.59484243656854,-101.86790520030262,869
-58.7374855510965,-101.84632493308511,870
-58.60130684436595,-101.85862733260802,871
-58.671799951145566,-101.88408403894339,872
-58.68620271244187,-101.86873717653052,873
-58.67836961159141,-101.85704123022403,874
-58.65260212597104,-101.88147947583246,875
-58.772167166261085,-101.85049178481897,876
-58.73883425731273,-101.87509223158096,877
-58.48780090460038,-101.82253189055278,878
-58.70588756775794,-101.8201935403837,879
-58.6777493213303,-101.88065205352854,880
-58.58542300762703,-101.8513097290105,881
-58.781290668324516,-101.8435915834244,882
-58.62021947210285,-101.80675168832101,883
-58.710452003976684,-101.87095719920238,884
-58.59076133149981,-101.82327130726175,885
-58.596534574210125,-101.86480112443675,886
-58.54119555622456,-101.83197082018212,887
-58.65382531355616,-101.8410823273381,888
-58.67845826335198,-101.82936239327175,889
-58.456488649620994,-101.83757751795358,890
-58.704949923290165,-101.8766500398495,891
-58.79326776134015,-101.84651802191374,892
-58.47593761796661,-101.84151095377172,893
-58.464483433007544,-101.84273826527307,894
-58.55310441010376,-101.82235560240485,895
-58.53725441648207,-101.87984497503642,896
-58.621971931636786,-101.8481009520565,897
-58.5331294733506,-101.83787637121947,898
-58.6934416274402,-101.87961314779231,899
103.85995282860462,-139.90980106023798,900
104.40867000966887,-139.87783249124482,901
103.91238452935356,-139.89676100256037,902
103.68831730282376,-139.89967794920457,903
104.12078209720794,-139.9275967933903,904
104.09935474831654,-139.92268838717644,905
103.86084394628396,-139.92822582795094,906
103.5670978193062,-139.88195326901058,907
104.30153244887154,-139.91766240534844,908
104.06415571845511,-139.89347509357466,909
104.14244454046501,-139.91575415524795,910
104.3194067864211,-139.9103270129696,911
104.25933014267203,-139.8883158691214,912
103.60939643641638,-139.8813738328525,913
103.91131827578634,-139.9321653025527,914
104.5019008886831,-139.8832334086802,915
103.67638080669451,-139.896031150705,916
104.43961650608547,-139.86518951554973,917
104.28727081649777,-139.87255429620896,918
104.2658427804536,-139.9103831765315,919
103.85693318471132,-139.93214265908063,920
104.13701703988136,-139.91812495503345,921
104.11059686289846,-139.8991114438304,922
104.31175241423249,-139.862677364744,923
103.92919829564254,-139.924717562168,924
104.08332145605523,-139.86556201421604,925
103.59353705174374,-139.8781110477413,926
104.3340654064698,-139.91385813633835,927
103.93477557267336,-139.85515324581527,928
103.92683832344179,-139.8732110887389,929
104.00078519025162,-139.90367123401327,930
104.03479150835119,-139.88788216882992,931
103.73604346242243,-139.85744930750602,932
104.50509034587245,-139.88643107627874,933
104.3873359656272,-139.89788031043824,934
104.05067074512074,-139.87748897738578,935
103.91347587729736,-139.8978568097148,936
103.81213308717152,-139.8562134180861,937
104.40812784158499,-139.90157213587668,938
103.88443594335561,-139.8494409345072,939
103.7887914018517,-139.88513065458645,940
103.81868685429517,-139.8498985423596,941
104.27452128871714,-139.92364861710578,942
103.77557750111893,-139.91580770350248,943
103.90432155609993,-139.89737443915698,944
104.14678067884138,-139.89384634131136,945
103.84281350257487,-139.89968915041192,946
104.25997059604146,-139.8944609961925,947
103.7067913601794,-139.88629488266994,948
104.46994826711281,-139.87522895478264,949
51.21903707987535,-117.39390526962873,950
51.089256701129855,-117.36318566434257,951
51.070524715797255,-117.38711745146007,952
51.12709801539584,-117.36650713909523,953
51.24592890441583,-117.39012551171557,954
51.15363921540107,-117.3713076848289,955
51.16355585882075,-117.42502890594199,956
51.21364438099259,-117.38780193606188,957
51.16170822412019,-117.3584620144328,958
51.106089466908585,-117.35678327674738,959
51.098749875917655,-117.36026023406872,960
51.222940346581346,-117.41942325942347,961
51.23946140237089,-117.41299447461951,962
51.099814025948376,-117.36134551577094,963
51.15032641029796,-117.38033096360373,964
51.07483536834422,-117.40470043932146,965
51.23974209502122,-117.41443209707181,966
51.184826900210275,-117.42768021322955,967
51.209584323171235,-117.3973846939749,968
51.16685668197912,-117.39692185133364,969
51.26041545471906,-117.36665259320934,970
51.12396710654178,-117.38397192984883,971
51.13032974304984,-117.40285849710271,972
51.20261344603848,-117.4198808921032,973
51.09893192121942,-117.40223798101431,974
51.2027284185964,-117.41420140852385,975
51.1194243634609,-117.4108094193369,976
51.21561869007898,-117.42987574847425,977
51.21130186360475,-117.39456542799213,978
51.07772256281036,-117.40248478083808,979
51.229536355543466,-117.36651255196708,980
51.267694569171994,-117.40679727918952,981
51.240110442665696,-117.36628258686521,982
51.18156465988341,-117.37877144068925,983
51.12075677801123,-117.3819843038863,984
51.256396018433655,-117.41051413998153,985
51.21878845259228,-117.3756659095824,986
51.143773163775904,-117.42752417201412,987
51.2444607377524,-117.40959886792871,988
51.167044304949535,-117.41526835777496,989
51.17741677092334,-117.38186322581623,990
51.23797699568122,-117.38720225589526,991
51.20907527773153,-117.40784263048386,992
51.09296058937038,-117.38550324351124,993
51.150955244505354,-117.35271020365313,994
51.11583124047726,-117.4109267319328,995
51.227839805086376,-117.40621100551343,996
51.110580049801825,-117.36952233889433,997
51.157365495275286,-117.39435571424939,998
51.06995326107658,-117.37456394496431,999
3.2276677298805367,-108.28686614452495,1000
3.287811038736925,-108.31417294400654,1001
3.3777697344508275,-108.3178580203831,1002
3.4929759533096405,-108.328298178713,1003
3.3441870219907353,-108.297304252806,1004
3.0240486182977957,-108.28510971169368,1005
3.428762987975022,-108.26152112466906,1006
3.1529395818049335,-108.2713317260371,1007
3.1411680853398742,-108.31095846669139,1008
3.478890659026984,-108.29918412168577,1009
3.826214892035493,-108.3105715647789,1010
3.1271419894506405,-108.27315718340775,1011
3.5631226736685138,-108.30535762423733,1012
3.1708063744939414,-108.27201262818271,1013
3.8023801771609587,-108.30816806599292,1014
3.2762815802800573,-108.33513875256227,1015
3.508237970203105,-108.3206624007177,1016
3.3394175372365265,-108.27088576425625,1017
3.0687653180752346,-108.32725569413887,1018
3.2272347419388625,-108.32220353769482,1019
3.5575803819789873,-108.27471509140672,1020
3.0688043652468284,-108.32630953863665,1021
3.559031460374508,-108.2831824450558,1022
3.0434973320296486,-108.29638141381652,1023
3.790088047678165,-108.27298645972726,1024
3.4118744735835502,-108.32564552017712,1025
3.408751849062239,-108.32534925174893,1026
3.843435793337361,-108.28370329909757,1027
3.305893910589176,-108.26220548307336,1028
3.437128955087923,-108.29234213020443,1029
3.7115662871516406,-108.33088988210662,1030
3.4688306127528503,-108.3020429798128,1031
3.011520641651938,-108.30629727202614,1032
3.593742522300962,-108.2928470887749,1033
3.2419312943366916,-108.33442579552421,1034
2.8789054392183173,-108.30091348283528,1035
3.516421624059375,-108.33598325768888,1036
3.184048402841219,-108.27036647120242,1037
3.0201821479705733,-108.3169148480759,1038
2.9291018693705086,-108.32449773149077,1039
3.5871384341838244,-108.31902907924211,1040
3.350187252008916,-108.31740350180596,1041
3.2344688769070116,-108.26300289811951,1042
3.1313039698458818,-108.31273167819194,1043
2.861830472562614,-108.3028327267683,1044
3.043590719658919,-108.2827169337618,1045
3.143452292907831,-108.31822966562112,1046
3.85285510102777,-108.30112628540586,1047
3.048816998620243,-108.27313876686259,1048
3.4884830879948336,-108.34308536769048,1049
